aramisf;Aramis Fernandes;aramisf.jpg;https://www.linkedin.com/in/aramisfernandes/
arhuman;Arnaud Assad;;https://www.linkedin.com/in/arnaudassad/
balasatishreddykarri;Balasatish Reddy Karri;balasatishreddykarri.png;https://www.linkedin.com/in/balasatish/
bruck;Uri Bruck;uribruck.jpg;https://www.linkedin.com/in/uribruck/
chsanch;Christian Sánchez;chsanch.jpg;https://www.linkedin.com/in/chsanch/
davidegx;David Escribano García;davidegx.jpg;https://www.linkedin.com/in/davidescribano/
dmcbride;Darin McBride;dmcbride.png;https://www.linkedin.com/in/darin-mcbride/
fayland;Fayland Lam;fayland.jpg;https://www.linkedin.com/in/faylandlam/
fredlopes;Frederico José Andries Lopes;fredlopes.jpg;https://plus.google.com/101664615812027775183
giatorta;Gianluca Torta;giatorta.jpg;https://www.linkedin.com/in/gianluca-torta-a0206b2/
gugod;Kang-min Liu;gugod.png;https://www.linkedin.com/in/gugod/
keedi;Keedi Kim;keedi.png;https://www.linkedin.com/in/keedi-kim-21684757/
khadis;Khadis Thok;khadis.png;https://www.linkedin.com/in/khadis-a3977755/
leprevost;Felipe da Veiga Leprevost;leprevost.jpg;https://www.linkedin.com/in/leprevost/
mca;McA;mca.png
mguttman;Meir Guttman;mguttman.png;https://www.linkedin.com/in/meir-guttman-17b790161/
nanis;A. Sinan Unur;nanis.png;https://www.linkedin.com/in/sinanunur/
oval;Olivier Valuet;;https://plus.google.com/111231154240098109931
nselem;Nelly Selem;nellyHub.jpg;https://plus.google.com/u/0/112224471038090317539
shatlovsky;Alex Shatlovsky;shatlovsky.png;https://www.linkedin.com/in/shatlovsky/
shelling;Shelling Ford;shelling.png;https://plus.google.com/113634082684193579669
stefansbv;Ștefan Suciu;stefansbv.png;https://www.linkedin.com/in/stefansuciu/
swuecho;Hao Wu;swuecho.png;https://www.linkedin.com/in/echowuhao/
szabgab;Gabor Szabo;szabgab.png;https://www.linkedin.com/in/szabgab/
terrencehan;Terrence Han;terrencehan.png;https://plus.google.com/115247155710052422629
tudorconstantin;Tudor Constantin;tudorconstantin.jpg;https://www.linkedin.com/in/tudorconstantin/
paologianrossi;Paolo Gianrossi;paologianrossi.png;https://www.linkedin.com/in/gianrossi/
yongbin;Yongbin Yu;yongbin.jpg;https://www.linkedin.com/in/yongbin/
herolee;Yingjie Li;herolee.png
thalhammer;Jeffrey Thalhammer;thalhammer.png;https://www.linkedin.com/in/thaljef/
vti;Вячеслав Тихановский;vti.png;https://plus.google.com/109117812087018133975
enrique;Enrique Nell;enrique.png;https://www.linkedin.com/in/enriquenell/
grubert65;Marco Masetti;marcomasetti.png;https://plus.google.com/105304174562920013376
h2chang;Hsin-Hsiung Chang;
gypark;Geunyoung Park;gypark.jpg;https://plus.google.com/102624623438100467935
mlx;Brian T. Wightman (MLX@cpan);;https://plus.google.com/116563303078084996059
ggl;Gelu Lupaş;;https://plus.google.com/109248329865538291977
johnkang;John Kang;johnkang.jpg;https://plus.google.com/112513302897448870436
ileiva;Israel Leiva;ileiva.png;https://plus.google.com/115251093728227570944
yunchang;Yunchang Kang;yunchang.jpg;https://plus.google.com/111798479978880511587
spidamoo;Vladimir Zatoloka;spidamoo.jpg;https://plus.google.com/108953362301851379228
rampa;Lukáš Rampa;rampa.jpg;https://plus.google.com/109591447228309550336
kbeyazli;Kadir Beyazlı;kbeyazli.jpg;https://plus.google.com/110621377637284058504
ovid;Curtis "Ovid" Poe;ovid.jpg;https://plus.google.com/+CurtisPoe
joaquinferrero;Joaquín Ferrero;joaquinferrero.png;https://plus.google.com/+Joaqu%C3%ADnFerrero
name2rnd;Savenkova Natalya;natalya_savenkova.png;
lenieto3;lenieto3;lenieto3.png;https://twitter.com/lenieto3
ymyasoedov;Yuri Myasoedov;ymyasoedov.jpg;https://plus.google.com/111530493856272287515
danimera;Dani Otelch;dani_otelch.png;
rozie;Paweł Różański;rozie.jpg;
rohan;Rohan Almeida;rohan.jpg;
ferki;Ferenc Erki;ferki.png;
dsdickinson;Steve Dickinson;dsdickinson.jpg;https://plus.google.com/+SteveDickinsonJr
grandfather;Peter Jaquiery;grandfather.jpg;
fenggao;Feng Gao;fenggao.jpg;https://plus.google.com/107683205430064440954
moritz;Moritz Lenz;moritz_lenz.jpg;
